First_name,Last_name,Job_title
Aisha,Rahman,Pilot
Daniel,Tan,Flight Attendant
Mei,Lim,Ground Staff
Farid,Azmi,Pilot
Siti,Nur,Flight Attendant
Arun,Prakash,Mechanic
John,Reyes,Admin Staff
Linh,Tran,Pilot
Maria,Santos,Flight Attendant
Niran,Chaiyasit,Ground Staff
Sokha,Kim,Pilot
Putri,Wijaya,Flight Attendant
Thomas,Beck,Pilot
Whitney,Bullock,Flight Attendant
Caleb,Call,Ground Staff
Corinn,Childs,Pilot
Kun Joo,Cho,Flight Attendant
Leilanie,Coker,Ground Staff
Adam,Edwards,Pilot
Brian,Frerichs,Flight Attendant
April,Greenwood,Ground Staff
Joel,Jorgensen,Pilot
Astha,K C,Flight Attendant
AN,Lee,Admin Staff
Josh,Mcalister,Pilot
Miles,Mccunniff,Flight Attendant
Gaby,McNeill,Ground Staff
Gaurav,Mishra,Pilot
Sina,Odejinmi,Flight Attendant
Sebastian,Perez Parra,Flight Attendant
Max,Ridgeway,Pilot
Jordan,Sharples,Flight Attendant
Rob,Sheehy,Ground Staff
Orion,Stonebraker,Pilot
Alina,Vannarath,Flight Attendant
Charlotte,Wang,Flight Attendant
Jeffrey,Zhang,Ground Staff